city_slug,neighborhood_slug,full_price
ahvaz,amaniyeh-ahvaz,5837.948717948718
ahvaz,ariyashahr,3861.5509259166665
ahvaz,baharestan-ahvaz,3083.8670886075947
ahvaz,bahonar,3122.1062992125985
ahvaz,camplojonoobi,3593.2659932626266
ahvaz,camploshomali,4227.663398691177
ahvaz,cantex,2519.9989664069767
ahvaz,daghagheleh,3547.6666666666665
ahvaz,farhangian,3882.440046291667
ahvaz,farhangshahr-ahvaz,3725.166666742857
ahvaz,fooladshahr-ahvaz,3875.7134502894737
ahvaz,golestan-ahvaz,4121.372529168242
ahvaz,hasirabad,2368.3035714285716
ahvaz,kianabad,6041.351096395604
ahvaz,kianpars,6998.616362014084
ahvaz,kianshahr,2937.941654633846
ahvaz,koorosh,4055.2900302114804
ahvaz,kooy-e-modarres,3749.3333333333335
ahvaz,kooyealavi,3168.6220264878048
ahvaz,kooyenaft,6393.684210526316
ahvaz,kooyramezan,2763.9730639696973
ahvaz,kut-abdollah,3200.4792628507466
ahvaz,lashkarabad,5742.0
ahvaz,mahdis,1930.282828281818
ahvaz,mellirah,5284.388059701492
ahvaz,moeinzadeh,2093.25
ahvaz,nabovvat,3910.6
ahvaz,naderi,4219.390011222223
ahvaz,newsite,6820.0
ahvaz,padad-phase-2,3799.245653816326
ahvaz,padadshahr,4376.432624113475
ahvaz,padadshahr-phase-1,3372.3636363636365
ahvaz,pardis-ahvaz,1987.8249097472924
ahvaz,piroozi,8108.730158714286
ahvaz,resalat,2473.7299270072995
ahvaz,saddastgah,3486.625
ahvaz,sepidar,2676.935064935065
ahvaz,shahrak-e-aghajari,2758.6111111111113
ahvaz,shahrak-e-haffari,4291.666666666667
ahvaz,shahrakdaneshgah,2953.6581954170856
ahvaz,shahraknaft,3400.0
ahvaz,shariatijonoobi,3524.150485436893
ahvaz,sisad-dastgah,3846.0942760909093
ahvaz,soltanmanesh,3515.1581196538464
ahvaz,taleghani,3586.7954545454545
ahvaz,yoosefi,2661.1666666666665
ahvaz,zergan,2728.420304232143
ahvaz,zeytunkargari,2764.3636363636365
ahvaz,zeytunkarmandi,5284.985020503225
ahvaz,zibashahr-ahvaz,3779.0697674418607
bandar-anzali,ansar-alhosein,1570.0
bandar-anzali,beshman,1350.0
bandar-anzali,chaharfarize,8016.666666666667
bandar-anzali,emamzadeh,7680.5555555
bandar-anzali,jahangani,6312.5
bandar-anzali,jazireh,2211.111111
bandar-anzali,kelivar,2800.0
bandar-anzali,khosh-pik,2000.0
bandar-anzali,lichargi-hasan-rud,2545.0
bandar-anzali,metropl,10025.0
bandar-anzali,moallem,4500.0
bandar-anzali,nasional,8500.0
bandar-anzali,pardis-bandar-e-anzali,3325.0
bandar-anzali,pasdaran-bandar-e-anzali,5358.0
bandar-anzali,saberhanan,11000.0
bandar-anzali,sahel-gho,5115.0
bandar-anzali,shaliur,1650.0
bandar-anzali,shanghai-pardeh,11000.0
bandar-anzali,si-metri,9625.0
bandar-anzali,susar,1400.0
bandar-anzali,torbeh-gudeh,3500.0
bandar-anzali,zanbagh,4000.0
isfahan,24-metri,3844.75
isfahan,abbasabad,10818.451178424242
isfahan,abr,4726.727272727273
isfahan,abshar-isfahan,6397.154886961039
isfahan,afaran,6320.923076923077
isfahan,ahmad-abad-isfahan,6714.04255319149
isfahan,aineh-khaneh,9481.818181818182
isfahan,amin-abad,1691.4679797000001
isfahan,amiriyeh-isfahan,7115.1612903225805
isfahan,andevan,2934.8695652173915
isfahan,aqiq,6100.0
isfahan,ardaji,3100.5555555555557
isfahan,arghavanieh,4572.616666666667
isfahan,asgariyeh-isfahan,7664.471222380281
isfahan,ashegh-abad,2749.0882352941176
isfahan,azadan,5794.848484848485
isfahan,azadegan-isfahan,3450.2272727272725
isfahan,azar-isfahan,8541.41304347826
isfahan,babukan,4031.75
isfahan,bagh-daryacheh,10183.72659175281
isfahan,bagh-fadak,4224.055218854545
isfahan,bagh-ferdows-isfahan,3870.4761904761904
isfahan,bagh-ghadir,9370.543209861113
isfahan,bagh-negar,11197.727272727272
isfahan,bagh-zereshk,11127.35294117647
isfahan,bagh-ziar,7708.7467700232555
isfahan,baghoush-khaneh,3587.1052631578946
isfahan,bahar-azadi,11144.45945945946
isfahan,baharan-isfahan,4112.5
isfahan,baharestan-esfahan,3028.771767861806
isfahan,bahram-abad,2635.777777777778
isfahan,barazandeh,5143.6870931506855
isfahan,batoun,2463.3636363636365
isfahan,bazougah,6892.444444444444
isfahan,bazzar,6134.529411764706
isfahan,berelian,4345.0
isfahan,bidabad,6609.594594594595
isfahan,bishe-habib,12300.0
isfahan,bisim-isfahan,9499.85294117647
isfahan,bozorgmehr,8558.275862068966
isfahan,buzan,4353.571428571428
isfahan,chaharbaghkhajoo,7721.433080806818
isfahan,charkhab,9654.277777777777
isfahan,darb-e-sibeh,5044.0
isfahan,dashtestan,8420.17679944025
isfahan,dastgerd,3776.6666666666665
isfahan,dastgerd-e-qadaadeh,5157.777777777777
isfahan,dastgerdeh,6547.5
isfahan,dehno,7808.888888888889
isfahan,denart,3508.3333333333335
isfahan,derak,2683.3333333333335
isfahan,dolat-abad-isfahan,2684.7447530833333
isfahan,dorcheh,2958.38164251087
isfahan,doteflan,3080.55555555
isfahan,elyderan,7244.736842105263
isfahan,emam-jafar-sadegh-town,10600.0
isfahan,eshragh,5134.690495646377
isfahan,fardovan,3090.5
isfahan,farhang-isfahan,7769.545454545455
isfahan,farhangian-isfahan,10971.42857142857
isfahan,farvardin,3746.0
isfahan,fath-abad,9535.0
isfahan,ferdos,7420.0
isfahan,fizadan,13550.0
isfahan,gabr-abad,8629.583333333334
isfahan,gavart,2896.1645299134616
isfahan,gaz,3173.1170886075947
isfahan,ghaemiyeh,3420.875
isfahan,ghale-bertianchi,8955.5555555
isfahan,ghale-nou,2951.3900226734695
isfahan,ghale-tabre,6249.818181818182
isfahan,golbahar-isfahan,6480.0
isfahan,golestan-isfahan,3839.3939393939395
isfahan,golmohammadi,6465.375
isfahan,golzar-isfahan,6609.444442769231
isfahan,gurtan,4038.4615384615386
isfahan,haftoon,4411.304964539007
isfahan,hamedaniyan,6978.382352941177
isfahan,hashtbehesht,7179.0
isfahan,hemat-abad,6279.0
isfahan,hesseh,3244.8571428571427
isfahan,histan,3300.0
isfahan,hoseinabad,8380.156695153846
isfahan,isfahan-university-of-technology,5038.75
isfahan,jaber-ansari,8138.786868686363
isfahan,janiran,3360.0
isfahan,jarvakan,2296.358108108108
isfahan,javan-e-bala,5475.373333333334
isfahan,javan-e-paein,5681.0
isfahan,jelvan,2325.714285714286
isfahan,jey-Shir,7285.086956521739
isfahan,jolfa,8776.191279886076
isfahan,joubareh,4892.727272727273
isfahan,jowzdan,3467.5
isfahan,kalman,5181.555555555556
isfahan,kalmh-khvaran,9400.0
isfahan,kangaz,5100.0
isfahan,kerdabad,3791.6666666666665
isfahan,kesare,5044.0
isfahan,keshavarzi,5619.086956521739
isfahan,khalaja,5770.09375
isfahan,khaneesfahan,5652.15
isfahan,khatoonabad,3040.909090909091
isfahan,khiadan,2300.0
isfahan,khomeinishahr,4390.11406619149
isfahan,khoram,6327.490909090909
isfahan,kian,1575.0
isfahan,kojan,3321.5384615384614
isfahan,kouleh-parcheh,11018.055555555555
isfahan,kuy-emam,6932.5
isfahan,kuy-golzar,6080.0
isfahan,kuy-shahid-keshvari,4574.2080378191495
isfahan,ladan-isfahan,4126.666666666667
isfahan,lale,4773.191780821918
isfahan,lemjir,3780.0588235294117
isfahan,lonban,7056.714285714285
isfahan,mahale-now,6384.36
isfahan,mahaleh-sofla,4890.357142857143
isfahan,mahmoodiyeh-isfahan,7379.411764705882
isfahan,mahmud-abad,3713.3333333333335
isfahan,malek,6646.619047619048
isfahan,malekshahr,4549.492253209164
isfahan,marchin,3600.128205128205
isfahan,mardavich,11851.758241758242
isfahan,marnan,10238.064516258064
isfahan,mehr-abad,10603.78947368421
isfahan,miremad,6056.8
isfahan,mobarake,2509.3279914471154
isfahan,modarres-isfahan,4108.397435897436
isfahan,mofatteh,7652.709756097561
isfahan,mohammad-abad,3466.6666666666665
isfahan,mohammad-taher,3804.4117647058824
isfahan,monarjonban,7466.25
isfahan,moshtaghsevvom,8021.106770828125
isfahan,naqshe-jahan,6733.823529411765
isfahan,naser-khosro,1978.5714285714287
isfahan,nasr-abad-isfahan,6236.666666666667
isfahan,nazband,6715.789473684211
isfahan,nazhvan,8741.953262785713
isfahan,negarestan,5250.886636635135
isfahan,nourbaran,9623.04347826087
isfahan,oman-samani,1669.1666666666667
isfahan,pa-ghalea,3772.0
isfahan,paeen-darvazeh,5850.0
isfahan,partman,3339.222222222222
isfahan,pinart,3160.0
isfahan,pozveh,4472.5925925833335
isfahan,radan,3125.568181818182
isfahan,rahim-abad,4045.143719804348
isfahan,raran,2895.7763157894738
isfahan,razmandegan,6744.680911666667
isfahan,rehnan,4578.22222222093
isfahan,resalat-isfahan,3857.4897959183672
isfahan,roknodowleh,6905.0
isfahan,roshan-dasht,4926.915375955556
isfahan,saadat-abad-isfahan,12204.347826086956
isfahan,sadaf-isfahan,4040.1373087826087
isfahan,sajjadieh-isfahan,7929.805555555556
isfahan,sattar,6440.0
isfahan,sepahan-lane,7261.111111111111
isfahan,sepahanshahr,5654.135400516278
isfahan,shafagh,5069.961279454546
isfahan,shahid-rajaee,5106.533333333334
isfahan,shahishabad,6560.384087790123
isfahan,shahrak-elahiyeh,5736.555555555556
isfahan,shahrak-imam-hossein-isfahan,3698.0
isfahan,shahrak-kaveh,4347.6044061293105
isfahan,shahrak-kowsar,3323.0163934426228
isfahan,shahrak-mahdieh,3132.5
isfahan,shahrak-milad,3713.8288659793816
isfahan,shahrak-shahid-montazeri,9825.0
isfahan,shahrak-valiasr-isfahan,7792.469135802469
isfahan,shahrak-zayandeh,4526.571428571428
isfahan,shahrestan,6453.913043478261
isfahan,shahreza,2785.340834741117
isfahan,shahriyar-isfahan,6137.742424242424
isfahan,shahshahan,4502.962962962963
isfahan,shahzyed,9952.142857142857
isfahan,sheykh-sadough,10198.529411764706
isfahan,sheykh-yousef,9175.0
isfahan,sichan,10732.121212121212
isfahan,soffeh,5669.722222222223
isfahan,soltan-abad,5225.5
isfahan,soodan,2820.7999999999997
isfahan,sudan-zeinabiyeh,3134.8529411764707
isfahan,takht-foulad,7152.857142857143
isfahan,talar,7576.26570047826
isfahan,tameh,6047.741935483871
isfahan,tiran,4242.369161946809
isfahan,toghchi,4316.756097560976
isfahan,vahid-isfahan,7905.158730158731
isfahan,valiasr-town,3471.1746031714288
isfahan,veldan,4746.153846153846
isfahan,yazd-abad,4433.246612463415
isfahan,zahran,8048.179012333333
isfahan,zarinshahr,3069.5816555533333
isfahan,zavan,3500.0
isfahan,zeynabieh,2764.3263888875
karaj,350-metri,2873.59649122807
karaj,Baraghan,4405.923076923077
karaj,abrisham,2498.0400793642857
karaj,ahadabad,2620.9523809523807
karaj,akbarabad,1628.0588235294117
karaj,akhgarabad,2685.65
karaj,akhtarabad,1844.7058823529412
karaj,andishehnewcity,2520.2805020131073
karaj,aq-tappeh,3402.206349205357
karaj,asadabad-karaj,3624.285714285714
karaj,aseman-town,6004.357142857143
karaj,azadegan,4363.602564102564
karaj,azimieh,8815.293114032895
karaj,baghestan,4687.554595334568
karaj,bahar-karaj,5623.2291671875
karaj,baharestan-industrial-town,7286.153846153846
karaj,banafsheh,5646.90133101823
karaj,chaharsad-dastgah-karaj,4120.864864864865
karaj,chaman,9140.434782608696
karaj,dehghanvilla,5245.81871657754
karaj,derakhti,5249.263888888889
karaj,dowlatabad-karaj,3966.3333333333335
karaj,esfahaniha,5541.158730158731
karaj,eslamabad,3094.2954545454545
karaj,ettehad,7104.1875
karaj,gohardasht,7268.162655434116
karaj,goldasht,4215.96
karaj,golestan-karaj,6200.376470588236
karaj,golha,4592.111111111111
karaj,golshahr,4191.016203181714
karaj,golshahrvila,4597.817204297491
karaj,haftetir-karaj,4560.629787234043
karaj,hesarak,2416.6219764260354
karaj,hosseinabad,3127.4545454545455
karaj,hyderabad,1802.8755189790577
karaj,jahan-nama,4950.91199119802
karaj,jahanshahr,7302.684990252631
karaj,kalak,2625.0
karaj,kalak-no,4636.354166666667
karaj,kamalshahr,4000.90138626276
karaj,karaj-no,2359.3098412685713
karaj,khorramdasht,1622.5487037033333
karaj,kianmehr,3865.2185185181816
karaj,kuy-bahar,3065.6206896551726
karaj,kuy-emamiyeh,4581.272727272727
karaj,kuy-farhang,3851.2608695652175
karaj,kuy-farhangian-karaj,4919.444444444444
karaj,kuy-mehr,7585.631393357143
karaj,kuy-modarres-karaj,5060.07619047619
karaj,kuy-zanbaq,4802.880740733333
karaj,mahmodabad,3756.2244897959185
karaj,malard,4110.071581195513
karaj,malekabad-karaj,2700.9750000000004
karaj,manzarieh,2751.1826902192984
karaj,marlik,1913.224706985232
karaj,mehrshahr,4546.444931919818
karaj,mehrshahr-2,8764.805194805194
karaj,mehrshahr-3,6999.011627906977
karaj,mehrshahr-5,5351.411764705882
karaj,mehrshar-1,8856.666567457589
karaj,mehrvilla,6531.944026733083
karaj,mesbah,3839.9545454545455
karaj,meshkindasht,3462.0650887534516
karaj,north-kuy-karmandan,7909.504629625
karaj,owjtown,4154.615384615385
karaj,pishahangi,2159.574468085106
karaj,raazi-town,3450.0
karaj,rajababad,4344.285714285715
karaj,samandehi,4183.924955487101
karaj,sassani,3942.595890410959
karaj,shabanabad,2828.5
karaj,shahinvilla,3238.4227912119486
karaj,shahrak-alborz,2732.5
karaj,shahrak-ali-ebn-abitaleb,6466.3125
karaj,shahrak-imam-reza,2288.7846153846153
karaj,shahrak-nahal-va-bazr,5711.578947368421
karaj,shahrak-ostadan,2397.5
karaj,shahrak-sohrabiyeh,2109.8076923076924
karaj,shahrak-yas,3578.2916666666665
karaj,shahrake-fahmideh,3714.291902067797
karaj,shahriar-karaj,4356.331362000001
karaj,south-kuy-karmandan,4648.928571404762
karaj,taleqani-karaj,4701.382978723404
karaj,vahdattown,3608.0855263157896
karaj,valiasr-karaj,3966.1702127659573
lahijan,ahandan,2610.0
lahijan,bojaye,4000.0
lahijan,enqelab-lahijan,4500.0
lahijan,fayyaz,3625.0
lahijan,golestan-lahijan,5501.666666666667
lahijan,kuy-e-azadegan,2400.0
lahijan,kuy-e-khazar,3450.0
lahijan,layalestan,2193.3333333333335
lahijan,lil,6262.0
lahijan,mehregan-lahijan,6100.0
lahijan,pardesar,13550.0
lahijan,qiyam,3800.0
lahijan,sheykh-zahid,10000.0
lahijan,shishegaran,4450.0
lahijan,taleqani,3022.5
lahijan,yusef-abad,1950.0
mashhad,10-day,6344.5
mashhad,17shahrivar,5637.15625
mashhad,Kuy-e-Seyyedi,2282.0419287207546
mashhad,Shahrak-e-Shirin,3641.6666666666665
mashhad,Shahrak-e-Taleqani,4957.14
mashhad,abbas-abad-mashhad,2296.6666666666665
mashhad,abdolmotalleb,2841.5796494469023
mashhad,abkuh,5731.449438202248
mashhad,aboutaleb,3355.9952465828874
mashhad,abouzar-mashhad,2388.527777777778
mashhad,adlekhomeinisquare,6497.578947368421
mashhad,ahmadabad,9950.942372881356
mashhad,amel,4244.115384615385
mashhad,amirabad-mashhad,2500.0
mashhad,amiriyeh-mashhad,3337.082929455574
mashhad,ansar-mashhad,1596.6666666666667
mashhad,arvand,1441.6666666666667
mashhad,asgariyeh,2798.2926829268295
mashhad,ayatollah-ebadi,3613.238851095238
mashhad,ayatollah-khamenei,7131.111111100001
mashhad,azadshahr,7671.10475607152
mashhad,baharan-mashhad,4498.571428571428
mashhad,baharestan-mashhad,2051.8333333333335
mashhad,bahman,1828.8714285714286
mashhad,bahonar-mashhad,4433.422939064516
mashhad,balal,1733.9024390243903
mashhad,barqsquare,9073.4375
mashhad,beheshti-mashhad,7009.107692307693
mashhad,bolvartoos,1867.58537296323
mashhad,chahnou,5520.0
mashhad,charbagh,5500.0
mashhad,danesh,9272.0
mashhad,daneshjoo,7170.513390650794
mashhad,dehnavi,2353.015873
mashhad,eastgaz,2846.0185185185187
mashhad,eidgah,10529.23076923077
mashhad,elahiyehblvd,4047.4625993907835
mashhad,emamkhomeini,6393.547743054687
mashhad,emamreza,7017.320360195055
mashhad,enqelab-mashhad,2356.714285714286
mashhad,eqbal,5222.0931200357145
mashhad,ershad,6821.544256118644
mashhad,fadak-mashhad,2764.3333333333335
mashhad,falakehzed,6035.615384615385
mashhad,faramarzabbasi,7644.489451476793
mashhad,fareqoltahsilan,7147.795657724138
mashhad,farhang,9033.303754266211
mashhad,fatemiye,3046.6666666666665
mashhad,felestin,10585.904139431372
mashhad,ferdowsi-university-of-mashhad,7224.545454545455
mashhad,ghasemabad,3455.4870967728766
mashhad,ghoochan,2631.457023037736
mashhad,goharshad,7454.24
mashhad,golshour,2881.05555555
mashhad,haftetir,6729.703370033033
mashhad,hashemieh,7952.502551020408
mashhad,hojjat,1257.5317460396825
mashhad,holyshrine,6624.083870967742
mashhad,honarestan,7481.424915824242
mashhad,hoseynabad,3887.1297468354433
mashhad,iman,3891.6666666666665
mashhad,isar,3264.864864864865
mashhad,isargaran,1822.8074301288343
mashhad,ivan,1425.0
mashhad,jahedshahr,4451.909090902098
mashhad,janbaz,3681.585
mashhad,jannat,5700.625
mashhad,karmandan-e-aval,4139.285714285715
mashhad,karmandan-e-dovom,4513.571428571428
mashhad,kashmar,2277.6447984948454
mashhad,keshavaz,2088.1617415283686
mashhad,khaje-rabi,1988.7977470552996
mashhad,kolahdouz,7218.4777785125
mashhad,koohsangi,7205.40005583417
mashhad,koushesh,7627.476190476191
mashhad,kuy-e-agha-mostafa-khomeini,2317.5
mashhad,kuy-e-amiralmomenin,2921.8950307085424
mashhad,kuy-e-amiralmonmenin,3712.8571428571427
mashhad,kuy-e-bala-khiaban,7706.111111111111
mashhad,kuy-e-daravey,1405.0
mashhad,kuy-e-karagaran,5367.64705882353
mashhad,kuy-e-kowsar,8480.347222217106
mashhad,kuy-e-mahdi,2920.958762886598
mashhad,kuy-e-nane-razavi,3146.3194444375
mashhad,kuy-e-paein-khiaban,4887.375
mashhad,kuy-e-panj-tan,1522.0011337857143
mashhad,kuy-e-police,4175.0
mashhad,kuy-e-raddeh,2424.4857142857145
mashhad,kuy-e-sarafrazan,3726.145631067961
mashhad,mahdiabad,1265.8
mashhad,majd,4743.020833333333
mashhad,malek-abad-garden,11103.178181818183
mashhad,mashhad-hashemi-nejad-international-airport,2266.6666666666665
mashhad,mashhad-international-exhibition,2538.235294117647
mashhad,mehrabad,2312.162162162162
mashhad,mohammadabad,2743.125
mashhad,mooud,2106.4285714285716
mashhad,moqadam-mashhad,5682.79629625
mashhad,mosalla,5829.0
mashhad,mousavighoochani,3471.505820104762
mashhad,nofellowshatow,9585.714285714286
mashhad,noghan,7925.0
mashhad,north-shahid-mottahari,3507.611771380074
mashhad,north-tabars,1615.3535353533446
mashhad,onsori,6203.0
mashhad,panj-tan-al-e-abba,1620.678947368421
mashhad,pardis-mashhad,3901.9444444444443
mashhad,parvin-etesami,4535.454545454545
mashhad,poursina,1712.9166666666667
mashhad,rahahan,5482.027027027027
mashhad,rahnamaei,7517.553191489362
mashhad,rajaee,1854.6854700846154
mashhad,resalat-mashhad,1844.995633187773
mashhad,rezaieyeh,4684.828806451613
mashhad,rezashahr,7626.047213345048
mashhad,robat-e-Toroq,2590.326923076923
mashhad,sadaf,5179.84375
mashhad,sadi,5175.1111111
mashhad,sadjadshahr,11879.669762640868
mashhad,sajadieh,4221.326470588236
mashhad,salam,4911.428571428572
mashhad,samarghand,3350.0
mashhad,samen,3378.125
mashhad,sanabad,7835.238095238095
mashhad,sattari,5511.78
mashhad,sayyadshirazi,5127.731818181818
mashhad,sepad,2023.737382828283
mashhad,shafa,2659.5344827586205
mashhad,shahid-avini-mashhad,3090.7678571428573
mashhad,shahid-honarvar,2913.0078125078126
mashhad,shahid-maqoul,2047.142857142857
mashhad,shahid-qorbani,1712.8333333333333
mashhad,shahrak-e-abuzar,1673.3333333333333
mashhad,shahrak-e-chahar-cheshmeh,6402.391304347826
mashhad,shahrak-e-hashmenizhad,5517.391304347826
mashhad,shahrak-e-niru-ye-havayi,6559.35294117647
mashhad,shahrara-mashhad,4708.670886075949
mashhad,shiroudi,5211.8050055
mashhad,sis-abad,1624.0446066496352
mashhad,southmotahhari,6422.484848484848
mashhad,tabarsi,3582.4924924594598
mashhad,telgerd,2326.5
mashhad,tollab,3261.9100263852242
mashhad,torbatheydarieh,2067.8746031571427
mashhad,toroq,2330.1511111
mashhad,vahid-mashhad,2182.1153846153848
mashhad,vakilabad,6769.5221159975545
mashhad,valiasr-mashhad,3145.2631578947367
qom,15khordad,4003.4745018571425
qom,Salarieh,9433.481481481482
qom,amin,4701.102684783019
qom,ammareyaser,3910.4477611940297
qom,ansar,3629.1666666666665
qom,attaran,7412.962962961537
qom,azadegan-qom,4832.866013070588
qom,azar,3267.091582009524
qom,bajak,6203.8557692307695
qom,beheshti,3272.222222222222
qom,bonyad,5737.466549295775
qom,danial,5590.694444444444
qom,dourshahr,6446.53125
qom,emam,4061.027397260274
qom,emamzadehebrahim,2766.935847158371
qom,enqelab-ghom,4337.413793103448
qom,ensejam,5081.936356950495
qom,golzar,4561.111111111111
qom,haftetir-ghom,3745.457142857143
qom,haram,6276.425925924243
qom,honarestan-ghom,5567.516666666666
qom,jomhoori,6444.836805554687
qom,kalhori,3982.319172112745
qom,kashani,2730.6976744186045
qom,keyvanfar,3807.0
qom,modarres,3793.938011694737
qom,pardisan-ghom,2627.1888346624037
qom,payamenoor,4094.858422935484
qom,police,3012.9985103409094
qom,qods,6564.953710853282
qom,safaeieh,5982.48395005
qom,safashahr,5392.28555555
qom,somayyeh,6537.666666666667
qom,tohid-ghom,3492.1036363636363
qom,yazdanshahr,4550.0
qom,zanbilabad,6658.719844052632
rasht,abasiab,2750.0
rasht,ali-abad,5337.894736842105
rasht,amin-zarb,4503.535714285715
rasht,ansari,4595.167508416666
rasht,bagher-abad,3243.75
rasht,bahonar-rasht,4500.0
rasht,bousaar,3815.3846153846152
rasht,charrah-golsaar,4571.125
rasht,cheleh-khaneh,3707.6470588235293
rasht,chomaar-saraa,3748.4772727272725
rasht,darvazeh-lakan,2320.0
rasht,deylaman-rasht,8268.666666666666
rasht,diyanati,2540.3835616438355
rasht,esmaeil-abad,4359.027203062069
rasht,esteghamat,3208.0
rasht,eynak,2525.0208860759494
rasht,gaaz,2968.671511627907
rasht,ghasemiyeh,2645.4545454545455
rasht,gholipour,4000.5435472670806
rasht,gil,3500.0
rasht,gilan-blvd,7002.269672174388
rasht,golbagh-namaz,5350.588235294118
rasht,golsaar,7979.312698409523
rasht,golzaran,2450.0
rasht,haaji-abad,5024.0625001875
rasht,hafez-abad,3123.0555555555557
rasht,hamidiyan,2063.7515236751055
rasht,hosein-abad,5350.0
rasht,jamaran-rasht,1850.0
rasht,jihad,3700.0
rasht,kaktus,11787.5
rasht,kouye-hoseini,2775.333345025641
rasht,kuy-bayani,5300.0
rasht,kuy-mehr-rasht,1800.0
rasht,kuy-qlam-niya,1680.0
rasht,kuy-qods,1120.0
rasht,lakan,2600.0
rasht,lakani,4629.84375
rasht,maaloolin,1985.3837209302326
rasht,manzariyeh,5044.232258064516
rasht,moalem,5487.857010514067
rasht,mofateh,1801.7789473578946
rasht,namjoo,9500.0
rasht,navaab,5233.333333333333
rasht,naxodchar,4000.0
rasht,nazari,2396.3394495412845
rasht,nikmaraam,3592.2545454545457
rasht,nikmaram,6900.0
rasht,niroo-daryaee,2712.153846153846
rasht,ostad-saraa,4504.419354838709
rasht,park-e-shahr,5273.194166666666
rasht,pir-kola-chay,2707.9914792085888
rasht,pirsaraa,6496.75
rasht,pol-e-aragh,4169.6
rasht,pol-taleshan,2543.2436036553527
rasht,raazi,3871.4583333333335
rasht,rasht-azadegan,4185.620370361111
rasht,rasht-bazaar,5429.361702106383
rasht,rasht-emam-hossein,2628.2689393939395
rasht,rasht-felestin,2892.429542482353
rasht,rasht-motahari,4609.643835616438
rasht,rasht-poursina,3716.75
rasht,rasht-rashtian,3565.794911761682
rasht,rasht-resalat,2882.5471698113206
rasht,roudbari,3698.5
rasht,saadi,3699.8708823529414
rasht,saam,5096.363636363636
rasht,saghari-sazaan,3224.396551724138
rasht,shahrak-sanaati,720.0
rasht,shahriyaran,3422.0454545454545
rasht,shalkou,3723.076923076923
rasht,shohada,3067.934065934066
rasht,sia-estalkh,2362.764550261905
rasht,soleyman-daraab,1784.0
rasht,takhti,4509.173076923077
rasht,toushiba,3146.796342591667
rasht,volox,3250.0
rasht,yakhsaazi,2998.083916083916
shiraz,abiverdi,6919.536398465518
shiraz,abjavar,3586.051282051282
shiraz,abunasr,4692.067164179104
shiraz,abyari,5509.446581192308
shiraz,afifabad,11489.25
shiraz,ahmad-abad,4714.137931034483
shiraz,ahmadi,4040.4545454545455
shiraz,ali-abad-shiraz,1836.6363636363637
shiraz,amirkabirblvd,5053.04347826087
shiraz,arian-town,7914.542824072916
shiraz,atlasi,7018.243243351351
shiraz,azadisq,9519.642857142857
shiraz,bagh-e-takht,6118.888888857143
shiraz,bala-kaft,3174.0454545454545
shiraz,banihashemi,3462.060606060606
shiraz,barbari-terminal,5700.617283944444
shiraz,bazaar-shiraz,7872.0694444375
shiraz,berijestoon,4778.085106382979
shiraz,besat,8180.6695156666665
shiraz,bezin-town,6974.090909090909
shiraz,bonakdaran,5188.379629625
shiraz,chencheneh,10883.733333333334
shiraz,chogha,4124.184615384615
shiraz,chogiah,9347.368421052632
shiraz,dabbagh-khaneh,3720.0
shiraz,darvazeh-isfahan,4200.0
shiraz,darvazeh-kazeroon,6368.764705882353
shiraz,dasht-chenaran,5004.0
shiraz,dastkhezr,1804.0740740666665
shiraz,deh-pialeh,1663.125
shiraz,derki,5890.7047803604655
shiraz,dinakan,8345.833333333334
shiraz,dokuhak,4894.279835388889
shiraz,dowran,2516.6666666666665
shiraz,dozak,3877.7894736842104
shiraz,eastghoddusi,10335.45806451613
shiraz,edalatblvd,5057.835748791304
shiraz,emam-hosein,5036.25
shiraz,eram-shiraz,10207.959198108843
shiraz,eshagh-beyg,2730.0
shiraz,eslahnejad,6683.75
shiraz,fajr-town,4455.142857142857
shiraz,farhangian-shiraz,4999.570143884892
shiraz,farhangshahr,9389.267331217308
shiraz,farzanegan,4773.849607181818
shiraz,fazilatblvd,4923.106666666667
shiraz,fazl-abad,6544.166666666667
shiraz,fergaz,4793.244099020725
shiraz,ghale-no,1860.6502057592593
shiraz,ghaleh-ghebleh,3845.8333333333335
shiraz,ghaleh-shahzadeh-bagom,4831.0
shiraz,god-araban,4785.882352941177
shiraz,goldasht-moaliabad,7193.460100622641
shiraz,goldasht-mohammadi,9565.384615384615
shiraz,goldasht-shiraz,5344.4
shiraz,goldashthafez,6555.59633027523
shiraz,golestan,5145.818908881748
shiraz,golkoub,3457.1428571428573
shiraz,golshan,6550.540540540541
shiraz,gouyom,3571.695209055046
shiraz,hafeziyeh,5859.418604651163
shiraz,haft-tanan,6230.238095238095
shiraz,hojat-abad,2392.7619047619046
shiraz,hossein-abad,7738.75
shiraz,hoveyzeh,5564.285714285715
shiraz,jamaran-shiraz,5653.75
shiraz,janbazan,4166.363636363636
shiraz,javadiyeh-shiraz,4218.055555555556
shiraz,jomhouriblvd,8630.382978723404
shiraz,kaftarak,1812.063973060606
shiraz,karandish,4043.3333333333335
shiraz,khalili,8667.857142857143
shiraz,kholbarin,8489.83641975
shiraz,kian-shahr-shiraz,6555.476190476191
shiraz,kimia-villa-complex,7254.545454545455
shiraz,kolbeh,5918.773989897727
shiraz,koozehgari,2590.0
shiraz,koshkek,1747.1771771756758
shiraz,kuy-azadi,2680.0
shiraz,kuy-farhangian-shiraz,4513.625
shiraz,kuy-ghozat,12325.714285714286
shiraz,kuy-sang-siah,5750.0
shiraz,kuy-tollab,6135.5092592500005
shiraz,kuy-valiasr,6101.5625
shiraz,kuy-yas,11532.0
shiraz,kuyezahra,4705.518181818182
shiraz,lab-e-ab,2946.6666666666665
shiraz,laleh,7164.368686863637
shiraz,lashkari,4460.454545454545
shiraz,mah-firouzan,1834.9300411481481
shiraz,mahdi-abad,8672.727272727272
shiraz,mahdiyeh,6496.8421052631575
shiraz,mahmoudieh,9400.0
shiraz,mansoor-abad,4566.666666666667
shiraz,maqar,7028.333333333333
shiraz,mehrab,3413.32
shiraz,mehregan,2033.3015873015872
shiraz,mianrood,2437.075875915254
shiraz,moaliabad,9380.150584794737
shiraz,modarresblvd,4777.36222222
shiraz,mohammadiyeh-shiraz,3558.075396785714
shiraz,mollasadra,8056.04595336111
shiraz,moslem,2922.1052631578946
shiraz,motahharitown,5078.823529411765
shiraz,narenjestan,4528.461538461538
shiraz,nasr-abad,2222.6785714285716
shiraz,neshat-shiraz,5813.636363636364
shiraz,niayesh,11973.152173913044
shiraz,north-shahrak-golestan,6077.636363636364
shiraz,pardis-of-eram,6854.285714285715
shiraz,pardis-town,1700.0
shiraz,parvaztown,5989.425531914893
shiraz,pay-kata,2898.8888888888887
shiraz,pdonak,5711.15
shiraz,qasrdasht,11534.064564564189
shiraz,qasre-qomsheh,3624.0583913272726
shiraz,rahmat-abad,9558.333333333334
shiraz,rahmatblvd,4417.977207974359
shiraz,rezvan,5882.275
shiraz,rishmak,6627.331168831169
shiraz,saadiyeh,2425.9191357910445
shiraz,sadicinema,6785.1513002340425
shiraz,saheb-al-zaman-shiraz,6600.0
shiraz,saheb-divan,4375.0
shiraz,sahl-abad,2753.4564102564104
shiraz,sait-edari,4618.0
shiraz,sajjadieh,6537.75
shiraz,saman,2091.2138508356165
shiraz,sar-bagh,6050.0
shiraz,sattarkhan-shiraz,10700.009578543102
shiraz,seraj,4774.688734685552
shiraz,shah-gholi-beigi,5128.595744680851
shiraz,shah-square,2033.3333333333333
shiraz,shahid-amiri,6270.0
shiraz,shahid-bahonar-university,3750.0
shiraz,shahrak-bahonar,6288.333333333333
shiraz,shahrak-bargh,3906.0
shiraz,shahrak-daraie,4750.0
shiraz,shahrak-e-mokhaberat,4607.953216368422
shiraz,shahrak-e-shahid-navvab-e-safavi,2398.2162162162163
shiraz,shahrak-erfan,7800.0
shiraz,shahrak-golha-shiraz,3029.1043981458333
shiraz,shahrak-imam-hossein,3444.0
shiraz,shahrak-isar,8158.431524546511
shiraz,shahrak-mahdiabad,2912.0558237173914
shiraz,shahrak-modares,4673.695652173913
shiraz,shahrak-nirou-entezamie,7826.153846153846
shiraz,shahrak-valiasr,6048.868441
shiraz,shahrakebeheshti,7019.642592592106
shiraz,shahrakeroknabad,3399.982051276923
shiraz,sharak-e-sadi,1830.0176366825397
shiraz,sharif-abad,3530.8087605865385
shiraz,sheikh-ali-choupan,2382.4358546923077
shiraz,shiraz-cemetery,2504.285714285714
shiraz,shishehgari,2832.0
shiraz,siloo,13000.0
shiraz,tachara,8530.70971708856
shiraz,tahavoli,5998.08
shiraz,tal-e-hosseinabad,2063.3333333333335
shiraz,talkh-e-dash,6963.88888875
shiraz,tappeh-telviziyoun,9367.222222222223
shiraz,tondgooyan,6153.103448275862
shiraz,torkan,2753.950617277778
shiraz,valfajr,5798.260869565217
shiraz,vazir-abad,3944.7335390925928
shiraz,vesal,6436.734693877551
shiraz,west-moshir,7550.0
shiraz,westghoddusi,10629.235449733333
shiraz,zand,6783.0
shiraz,zargari,10706.620797326088
shiraz,zerehi,7722.709432453237
shiraz,zibashahr,3020.0462962916667
talesh,hashtpar,2247.4074074074074
talesh,jokandan,13500.0
talesh,taalesh,4400.0
tehran,abbas-abad,10690.435233160622
tehran,abdol-abad,6108.008368493671
tehran,abdollah-abad,7096.0
tehran,aboozar,10634.114715724025
tehran,abouzar,6507.671206225681
tehran,abshar,5645.679245283019
tehran,abshar-tehran,6005.7634154034085
tehran,afsariyeh,5435.3611111105765
tehran,aghdasieh,12712.001248438202
tehran,ahang,5536.208266236715
tehran,ajoodanieh,11051.2
tehran,almahdi,7865.05625
tehran,amaniyeh,13078.690433748665
tehran,aminhozour,6119.523809523809
tehran,amir-abad,12101.350765306122
tehran,amir-bahador,4737.2010582
tehran,amiriyeh,3862.074113475177
tehran,andisheh,2956.780246912346
tehran,araj,12043.461538461539
tehran,aramaneh,5096.728647013605
tehran,ararat,10273.91304347826
tehran,aref,4800.58
tehran,arjantin,9478.041237113403
tehran,aseman,11926.835443037975
tehran,ashtiyani,7212.755102040816
tehran,atabak,3586.887755102041
tehran,azad-shahr,7552.2084775086505
tehran,azadi-sport-complex,7235.947447445945
tehran,azarbaijan,4709.277327935222
tehran,azari,3682.218739626866
tehran,bagh-ferdows,11110.416666666666
tehran,bagh-feyz,8497.401000601594
tehran,bagh-khazaneh,4835.682926829269
tehran,bahar,8663.246666666666
tehran,baharan,8978.75
tehran,baharestan,5916.092762486238
tehran,bahman-yar,5333.733333333334
tehran,baq-e-azari,4560.287037033334
tehran,baq-e-rezavan,13550.0
tehran,baqerkhan,10292.229468597825
tehran,bazaar,8776.027111110001
tehran,behdasht,4733.2467532467535
tehran,behjat-abad,10453.790322580646
tehran,beryanak,3392.558270674812
tehran,bisim,3892.906976744186
tehran,bolursazi,3756.4591836734694
tehran,bolvar-e-keshavarz,9545.476964768292
tehran,central-janat-abad,9233.45434812088
tehran,charsad-dastgah,5031.53125
tehran,chitgar,5355.866369062272
tehran,chitgar-lake,7427.681479789185
tehran,chizar,12956.875
tehran,dabestan,6991.619225966291
tehran,darabad,11197.75
tehran,darakeh,12538.095238095239
tehran,darb-dowom,12547.272727272728
tehran,darband,12102.372093023256
tehran,dardasht,7608.363636363636
tehran,darrous,13131.746212120453
tehran,darvazeh-shemiran,7142.9112903225805
tehran,darya,12538.108108108108
tehran,daryan-no,10095.598124097402
tehran,dehkade-olympic,9895.441558441558
tehran,dehqan,5836.9838709677415
tehran,dezashib,13432.909356723683
tehran,dolat-abad,5342.579487179487
tehran,dolatkhah,3686.1309196769234
tehran,doolab,3507.5887096774195
tehran,dr-hoshyar,5712.242203742204
tehran,east-saleh-abad,12611.111111111111
tehran,east-shareq,5407.444166666667
tehran,east-tehranpars,5062.978987302583
tehran,ebn-babevayh,4872.0
tehran,ebrahim-abad,2912.6696428571427
tehran,eivanak,12960.0
tehran,ekbatan,9493.30438184507
tehran,ekhtiyariyeh,12540.457065789473
tehran,elahiyeh,13093.45313601057
tehran,elm-o-sanat,7805.924731182796
tehran,emam-hossein,5329.8
tehran,emamzade-ghasem,13358.603773584906
tehran,enqelab,7636.027397260274
tehran,eram,7787.058823788236
tehran,esfandyari,5105.405405405405
tehran,eshrat-abad,6344.206896551724
tehran,eskandari,4169.222222222223
tehran,eslam-abad,4877.528301886792
tehran,estakhr,6143.416030534351
tehran,etehad,4280.722727272727
tehran,evin,11670.0
tehran,fadak,7478.207407406666
tehran,fallah,3571.2557313639236
tehran,farah-abad,6358.705494505494
tehran,farahzad,9588.888888888889
tehran,farmaniyeh,13201.145502645239
tehran,fath,9065.384615384615
tehran,ferdowsi,7703.932203389831
tehran,firoozabadi,6236.353720688073
tehran,gandi,11805.555555555555
tehran,ghanat-kosar,8966.818181818182
tehran,gholhak,12498.84
tehran,gisha,12308.173344016828
tehran,golab-dareh,7337.777777777777
tehran,golchin,4495.19298245614
tehran,gomrok,3408.0366955799254
tehran,hafezie,7881.181818181818
tehran,haft-hoz,8822.15811991453
tehran,haftchenar,3681.016286644951
tehran,hakimiyeh,7905.409622540669
tehran,hamzeh-abad,5120.366666666667
tehran,hasan-abad-baqer-far,5025.5925925833335
tehran,hasan-abad-shomali,9921.880193234781
tehran,hashem-abad,2979.064516129032
tehran,hashemi,4154.507246376812
tehran,hassan-abad,5398.15
tehran,havanirooz,8897.728971869159
tehran,hekmat,12989.583333333334
tehran,heravi,12603.835136527046
tehran,hesar-booali,13313.513513513513
tehran,heshamatiyeh,6838.312
tehran,hezarsang,13550.0
tehran,hor-square,5405.046398043956
tehran,imam-sajjad,4921.454545454545
tehran,imamzadeh-hasan,3948.39111111
tehran,iranshahr,8604.21875
tehran,jaberi,4569.411764705882
tehran,jahad,11088.525
tehran,jalili,3919.0384615384614
tehran,jamalzadeh,7012.119354838709
tehran,jamaran,13225.555555555555
tehran,javadiyeh,3654.528092485549
tehran,javadiyeh-tehran-pars,4733.724137931034
tehran,javanmard-e-ghasab,4416.541666666667
tehran,jey,3697.6703296703295
tehran,jeyhoun,4131.225830823262
tehran,jomhouri,6941.897777776
tehran,jordan,12937.975609753048
tehran,kamraniyeh,13186.238532110092
tehran,kan,5908.75652173913
tehran,karevan,3736.0272727272727
tehran,karim-abad,2815.206896551724
tehran,kashanak,12058.372093023256
tehran,kazem-abad,8567.586980909091
tehran,khaje-nezam-molk,4410.1808803879785
tehran,khak-sefid,3872.8260869565215
tehran,khalij-e-fars,4430.327124181373
tehran,khani-abad,3369.8307692307694
tehran,khani-abad-no,5455.776223776224
tehran,khavaran,3774.8861386138615
tehran,khazaneh,4526.523178807947
tehran,kooy-e-bimeh,7131.602150537635
tehran,kooy-e-ferdos,8670.583463744131
tehran,kooye-e-hefdahom-e-shahrivar,4078.9760563239433
tehran,kosar,3564.9607843137255
tehran,kuhak,10112.798913043478
tehran,kuy-faraz,10832.20588235294
tehran,kuy-nobonyad,13550.0
tehran,lavizan,8068.7625
tehran,mahmoodiyeh,13530.625
tehran,majid-abad,7442.783333333334
tehran,majidiyeh,5935.122558921212
tehran,makhsous,4187.762345677778
tehran,malek-abad,1325.0
tehran,mansouriyeh,4495.0
tehran,marzdaran,11590.877623149105
tehran,masoudieh,4115.709302325581
tehran,mehrabad-airport,3828.842105263158
tehran,mesgar-abad,7881.128571428571
tehran,mina,4797.954545454545
tehran,minabi,3388.2302631578946
tehran,mirdamad,12919.378695208716
tehran,mobarak-abad-e-beheshti,2718.0615384615385
tehran,molavi,4404.795145631068
tehran,moniriyeh,6337.799489143677
tehran,moqadam,3456.44
tehran,morad-abad,6782.8125
tehran,moshiriyeh,4254.5508524391535
tehran,motahari,10714.107894736842
tehran,nabi-akram,5322.1866666666665
tehran,narmak,7977.504808908884
tehran,nazi-abad,5855.78174603125
tehran,nejatollahi,9813.333333333334
tehran,nemat-abad,5739.567164179104
tehran,nezam-abad,4639.839195979899
tehran,niavaran,13110.173432437394
tehran,niloufar,12260.358375420832
tehran,niroo-havayi,8778.17903930131
tehran,north-janat-abad,8996.38133764806
tehran,north-karegar,10640.359477124182
tehran,north-shahran,8944.950420353982
tehran,north-sohrevardi,10413.662070829685
tehran,nosrat,9118.494623655914
tehran,oghaf,6401.211678832116
tehran,ostad-moein,5085.376212408832
tehran,ozgol,11607.183544297468
tehran,pamenar,7398.821548818182
tehran,parastar,7536.564417177914
tehran,parvaz,12641.176470588236
tehran,pasdaran,12901.974849849663
tehran,pirouzi,5651.630741595844
tehran,poonak,9559.934346536233
tehran,qalamestan,4250.678678675676
tehran,qasemabad,7579.24
tehran,qasr-e-firooze-do,2900.0
tehran,qasr-e-firoozeh-yek,850.0
tehran,qeytariyeh,13221.947212993357
tehran,qezel-qaleh,11477.529411764706
tehran,qiam,6265.636363636364
tehran,qiamdash,3990.4431524534884
tehran,qoba,12939.237288135593
tehran,saadat-abad,12559.407119678675
tehran,sabalan,4150.037965865204
tehran,sad-dastgah,5377.283333333334
tehran,sadeghiyeh,9018.839677044984
tehran,saeed-abad,4267.030303030303
tehran,safaiye,5147.5
tehran,saheb-al-zaman,4737.658227848101
tehran,salamat,3370.364864864865
tehran,sanglaj,5234.123456790124
tehran,sar-asiyab-mehr-abad,4766.818181818182
tehran,sarasiab-doolab,3443.2
tehran,sarsabil,4166.45681020236
tehran,sarsabz,8612.84962406015
tehran,sartakht,6680.213333333333
tehran,sattarkhan,9382.330687830688
tehran,sazamn-barnameh,8690.507483000001
tehran,sazman-ab,8868.855421682732
tehran,sepehr,12723.449074072916
tehran,seyed-khandan,11329.371863830645
tehran,shabiri,3981.873015873016
tehran,shadabad,4220.207920792079
tehran,shadman,9633.7166337929
tehran,shahadat,4843.702127659574
tehran,shaharak-e-esteqlal,9074.368686863636
tehran,shaharak-e-moslemin,4984.290322580645
tehran,shaharak-e-sharifi,5301.285714285715
tehran,shaharak-e-shariyati,5200.505952375
tehran,shahed,6171.40625
tehran,shahid-asadi,5151.8125
tehran,shahid-avini,4506.4390680967745
tehran,shahid-borujerdi,4647.619047619048
tehran,shahid-dastgheyb,4627.724137931034
tehran,shahid-navab-safavi,3437.5868725868727
tehran,shahin,9530.092485549132
tehran,shahr-e-ziba,3526.7841023428205
tehran,shahrak-daneshgah-tehran,3660.829268292683
tehran,shahrak-daneshgahi,3443.3333333333335
tehran,shahrak-e-aboozar,3501.848484848485
tehran,shahrak-e-apadana,7332.306535941177
tehran,shahrak-e-azadi,6448.476470588235
tehran,shahrak-e-cheshmeh,9882.042397657895
tehran,shahrak-e-darya,5452.6
tehran,shahrak-e-emamkhomeyni,4372.229100523809
tehran,shahrak-e-ferdows,3966.758258256757
tehran,shahrak-e-gharb,12832.429022082018
tehran,shahrak-e-ghazali,5830.4
tehran,shahrak-e-jandarmeri,12070.007309993422
tehran,shahrak-e-kianshahr,4515.226134584506
tehran,shahrak-e-koohsar,8210.254629625
tehran,shahrak-e-mahalati,11030.30303030303
tehran,shahrak-e-omid,9996.464646454546
tehran,shahrak-e-parvaz,7959.766055045871
tehran,shahrak-e-takhti,5501.310344827586
tehran,shahrak-e-taleghani,4207.066193851064
tehran,shahrak-e-vali-e-asr,4151.903773584906
tehran,shahrak-e-vilashahr,6447.5
tehran,shahrak-farhangian,5853.75
tehran,shahrak-golha,11635.555555555555
tehran,shahrak-naft,12355.0
tehran,shahrak-naft-district5,9404.334045583333
tehran,shahrak-pasdaran,8944.652173913044
tehran,shahrak-shahid-bagheri,6393.1882352941175
tehran,shahrak-valfajr,13550.0
tehran,shams-abad,9382.11363
tehran,shamshiri,4169.814285904762
tehran,sharara,10721.796992481202
tehran,sharif,7913.933162392308
tehran,sharifabad,4074.6257668711655
tehran,shemiran-no,3893.725490196078
tehran,sheykh-al-raeis,4074.028860025974
tehran,sheykh-hadi,6968.340659340659
tehran,shian,12000.0
tehran,shirazi,12731.172839500001
tehran,shiva,4054.909090909091
tehran,shokoofeh,4897.0
tehran,shoosh,4313.399378398601
tehran,sirous,6659.411764705882
tehran,sizdah-aban,4720.21636684127
tehran,sohanak,11783.846153846154
tehran,soleymani,3453.813953488372
tehran,soleymanieh,4229.731707317073
tehran,sorkhe-hesar,6044.0
tehran,south-ali-abad,3966.901234567901
tehran,south-deylaman,5973.052534562212
tehran,south-janat-abad,9820.279479734409
tehran,south-mehrabad,4700.207692307692
tehran,south-narmak,6471.446043165468
tehran,south-shahran,8752.166100201774
tehran,tajrish,10712.142857142857
tehran,tarasht,7746.374513408867
tehran,taslihat,4333.417322834645
tehran,tavanir,12203.265306122448
tehran,taxirani,5170.0
tehran,tayeb,3105.0117647058823
tehran,tehran-emamat,7104.558441558442
tehran,tehran-gorgan,4478.541666666667
tehran,tehran-hesarak,4456.363636363636
tehran,tehran-hosein-abad,12958.333333333334
tehran,tehran-iran,7776.027777777777
tehran,tehran-jolfa,11612.142857142857
tehran,tehran-kerman,5811.838888888461
tehran,tehran-khaghani,9807.029411764706
tehran,tehran-lashkar,4766.691358024691
tehran,tehran-no,7539.746376811594
tehran,tehran-police,6987.016949152542
tehran,tehran-shandiz,4514.228301886793
tehran,tehran-university,9276.744855962963
tehran,tehran-zanjan,4851.878205128205
tehran,tehransar,5077.336456275148
tehran,tehranvila,10333.011111111111
tehran,tohid,9290.846153846154
tehran,tolid-daroo,4389.468471935484
tehran,tous,5418.848484848485
tehran,university-of-sharif,7602.346743293104
tehran,vahidiyeh,4194.38726939151
tehran,valiasr,8017.0
tehran,vanak,12289.862433861905
tehran,vanak-village,8610.0
tehran,vardavard,5053.057228915663
tehran,vasfenard,3890.433962264151
tehran,velenjak,13193.880886426592
tehran,west-shahrak-e-golestan,9739.2731199869
tehran,west-tehranpars,8716.698597552631
tehran,yaftabad,3534.0552360465117
tehran,yakhchi-abad,4953.720261435295
tehran,yousef-abad,12475.72572323549
tehran,zafar,12675.261770244068
tehran,zafaraniyeh,13159.359670781481
tehran,zahed-gilani,4598.34693877551
tehran,zahir-abad,4507.612408169399
tehran,zamzam,3403.670731707317
tehran,zargandeh,11529.62962962963
tehran,zarkesh,5325.864864864865
tehran,zehtabi,3951.6304347826085
tehran,zeynabeiyeh,2900.0
